"Plot.ID","Experiment","Plant.ID","Plant.Num","Comments","Source.Stock","Field","Pedigree","Plot.Name","Row","Range","Plot","Block","Rep"
"24GM1001","24GM","24GM1001_001",NA,"Silk Inoc, Purple Kernels","23NN003_001b","CFAR600","sm1 mutant","sm1 mutant",3,5,"sm1 mutant",1,1
"24GM1001","24GM","24GM1001_002",NA,"Silk Inoc, Purple Kernels","23NN003_001b","CFAR600","sm1 mutant","sm1 mutant",3,5,"sm1 mutant",1,1
"24GM1001","24GM","24GM1001_003",NA,"Silk Inoc, Purple Kernels","23NN003_001b","CFAR600","sm1 mutant","sm1 mutant",3,5,"sm1 mutant",1,1
"24GM1001","24GM","24GM1001_004",NA,"Silk Inoc, Purple Kernels","23NN003_001b","CFAR600","sm1 mutant","sm1 mutant",3,5,"sm1 mutant",1,1
"24GM1001","24GM","24GM1001_005",NA,"Silk Inoc, Purple Kernels","23NN003_001b","CFAR600","sm1 mutant","sm1 mutant",3,5,"sm1 mutant",1,1
"24GM1001","24GM","24GM1001_006",NA,"Silk Inoc, Purple Kernels","23NN003_001b","CFAR600","sm1 mutant","sm1 mutant",3,5,"sm1 mutant",1,1
"24GM1001","24GM","24GM1001_007",NA,"Silk Inoc, Purple Kernels","23NN003_001b","CFAR600","sm1 mutant","sm1 mutant",3,5,"sm1 mutant",1,1
"24GM1001","24GM","24GM1001_008",NA,"Silk Inoc, Purple Kernels","23NN003_001b","CFAR600","sm1 mutant","sm1 mutant",3,5,"sm1 mutant",1,1
"24GM1001","24GM","24GM1001_009",NA,"Silk Inoc, Purple Kernels","23NN003_001b","CFAR600","sm1 mutant","sm1 mutant",3,5,"sm1 mutant",1,1
"24GM1001","24GM","24GM1001_010",NA,"Silk Inoc, Purple Kernels","23NN003_001b","CFAR600","sm1 mutant","sm1 mutant",3,5,"sm1 mutant",1,1
"24GM1001","24GM","24GM1001_011",NA,"Silk Inoc, Purple Kernels","23NN003_001b","CFAR600","sm1 mutant","sm1 mutant",3,5,"sm1 mutant",1,1
"24GM1001","24GM","24GM1001_012",NA,"Silk Inoc, Purple Kernels","23NN003_001b","CFAR600","sm1 mutant","sm1 mutant",3,5,"sm1 mutant",1,1
"24GM1001","24GM","24GM1001_013",NA,"Silk Inoc, Purple Kernels","23NN003_001b","CFAR600","sm1 mutant","sm1 mutant",3,5,"sm1 mutant",1,1
"24GM1001","24GM","24GM1001_014",NA,"Silk Inoc, Purple Kernels","23NN003_001b","CFAR600","sm1 mutant","sm1 mutant",3,5,"sm1 mutant",1,1
"24GM1001","24GM","24GM1001_015",NA,"Silk Inoc, Purple Kernels","23NN003_001b","CFAR600","sm1 mutant","sm1 mutant",3,5,"sm1 mutant",1,1
"24GM1001","24GM","24GM1001_016",NA,"Silk Inoc, Purple Kernels","23NN003_001b","CFAR600","sm1 mutant","sm1 mutant",3,5,"sm1 mutant",1,1
"24GM1001","24GM","24GM1001_017",NA,"Silk Inoc, Purple Kernels","23NN003_001b","CFAR600","sm1 mutant","sm1 mutant",3,5,"sm1 mutant",1,1
"24GM1001","24GM","24GM1001_018",NA,"Silk Inoc, Purple Kernels","23NN003_001b","CFAR600","sm1 mutant","sm1 mutant",3,5,"sm1 mutant",1,1
"24GM1001","24GM","24GM1001_019",NA,"Silk Inoc, Purple Kernels","23NN003_001b","CFAR600","sm1 mutant","sm1 mutant",3,5,"sm1 mutant",1,1
"24GM1001","24GM","24GM1001_020",NA,"Silk Inoc, Purple Kernels","23NN003_001b","CFAR600","sm1 mutant","sm1 mutant",3,5,"sm1 mutant",1,1
"24GM1002","24GM","24GM1002_001",NA,"Silk Inoc, Purple Kernels","23NN003_001b","CFAR600","sm1 mutant","sm1 mutant",4,5,"sm1 mutant",1,1
"24GM1002","24GM","24GM1002_002",NA,"Silk Inoc, Purple Kernels","23NN003_001b","CFAR600","sm1 mutant","sm1 mutant",4,5,"sm1 mutant",1,1
"24GM1002","24GM","24GM1002_003",NA,"Silk Inoc, Purple Kernels","23NN003_001b","CFAR600","sm1 mutant","sm1 mutant",4,5,"sm1 mutant",1,1
"24GM1002","24GM","24GM1002_004",NA,"Silk Inoc, Purple Kernels","23NN003_001b","CFAR600","sm1 mutant","sm1 mutant",4,5,"sm1 mutant",1,1
"24GM1002","24GM","24GM1002_005",NA,"Silk Inoc, Purple Kernels","23NN003_001b","CFAR600","sm1 mutant","sm1 mutant",4,5,"sm1 mutant",1,1
"24GM1002","24GM","24GM1002_006",NA,"Silk Inoc, Purple Kernels","23NN003_001b","CFAR600","sm1 mutant","sm1 mutant",4,5,"sm1 mutant",1,1
"24GM1002","24GM","24GM1002_007",NA,"Silk Inoc, Purple Kernels","23NN003_001b","CFAR600","sm1 mutant","sm1 mutant",4,5,"sm1 mutant",1,1
"24GM1002","24GM","24GM1002_008",NA,"Silk Inoc, Purple Kernels","23NN003_001b","CFAR600","sm1 mutant","sm1 mutant",4,5,"sm1 mutant",1,1
"24GM1002","24GM","24GM1002_009",NA,"Silk Inoc, Purple Kernels","23NN003_001b","CFAR600","sm1 mutant","sm1 mutant",4,5,"sm1 mutant",1,1
"24GM1002","24GM","24GM1002_010",NA,"Silk Inoc, Purple Kernels","23NN003_001b","CFAR600","sm1 mutant","sm1 mutant",4,5,"sm1 mutant",1,1
"24GM1002","24GM","24GM1002_011",NA,"Silk Inoc, Purple Kernels","23NN003_001b","CFAR600","sm1 mutant","sm1 mutant",4,5,"sm1 mutant",1,1
"24GM1002","24GM","24GM1002_012",NA,"Silk Inoc, Purple Kernels","23NN003_001b","CFAR600","sm1 mutant","sm1 mutant",4,5,"sm1 mutant",1,1
"24GM1002","24GM","24GM1002_013",NA,"Silk Inoc, Purple Kernels","23NN003_001b","CFAR600","sm1 mutant","sm1 mutant",4,5,"sm1 mutant",1,1
"24GM1002","24GM","24GM1002_014",NA,"Silk Inoc, Purple Kernels","23NN003_001b","CFAR600","sm1 mutant","sm1 mutant",4,5,"sm1 mutant",1,1
"24GM1002","24GM","24GM1002_015",NA,"Silk Inoc, Purple Kernels","23NN003_001b","CFAR600","sm1 mutant","sm1 mutant",4,5,"sm1 mutant",1,1
"24GM1002","24GM","24GM1002_016",NA,"Silk Inoc, Purple Kernels","23NN003_001b","CFAR600","sm1 mutant","sm1 mutant",4,5,"sm1 mutant",1,1
"24GM1002","24GM","24GM1002_017",NA,"Silk Inoc, Purple Kernels","23NN003_001b","CFAR600","sm1 mutant","sm1 mutant",4,5,"sm1 mutant",1,1
"24GM1002","24GM","24GM1002_018",NA,"Silk Inoc, Purple Kernels","23NN003_001b","CFAR600","sm1 mutant","sm1 mutant",4,5,"sm1 mutant",1,1
"24GM1002","24GM","24GM1002_019",NA,"Silk Inoc, Purple Kernels","23NN003_001b","CFAR600","sm1 mutant","sm1 mutant",4,5,"sm1 mutant",1,1
"24GM1002","24GM","24GM1002_020",NA,"Silk Inoc, Purple Kernels","23NN003_001b","CFAR600","sm1 mutant","sm1 mutant",4,5,"sm1 mutant",1,1
"24GM1003","24GM","24GM1003_001",NA,"Silk Inoc, Purple Kernels","23NN003_001b","CFAR600","sm1 mutant","sm1 mutant",3,6,"sm1 mutant",1,1
"24GM1003","24GM","24GM1003_002",NA,"Silk Inoc, Purple Kernels","23NN003_001b","CFAR600","sm1 mutant","sm1 mutant",3,6,"sm1 mutant",1,1
"24GM1003","24GM","24GM1003_003",NA,"Silk Inoc, Purple Kernels","23NN003_001b","CFAR600","sm1 mutant","sm1 mutant",3,6,"sm1 mutant",1,1
"24GM1003","24GM","24GM1003_004",NA,"Silk Inoc, Purple Kernels","23NN003_001b","CFAR600","sm1 mutant","sm1 mutant",3,6,"sm1 mutant",1,1
"24GM1003","24GM","24GM1003_005",NA,"Silk Inoc, Purple Kernels","23NN003_001b","CFAR600","sm1 mutant","sm1 mutant",3,6,"sm1 mutant",1,1
"24GM1003","24GM","24GM1003_006",NA,"Silk Inoc, Purple Kernels","23NN003_001b","CFAR600","sm1 mutant","sm1 mutant",3,6,"sm1 mutant",1,1
"24GM1003","24GM","24GM1003_007",NA,"Silk Inoc, Purple Kernels","23NN003_001b","CFAR600","sm1 mutant","sm1 mutant",3,6,"sm1 mutant",1,1
"24GM1003","24GM","24GM1003_008",NA,"Silk Inoc, Purple Kernels","23NN003_001b","CFAR600","sm1 mutant","sm1 mutant",3,6,"sm1 mutant",1,1
"24GM1003","24GM","24GM1003_009",NA,"Silk Inoc, Purple Kernels","23NN003_001b","CFAR600","sm1 mutant","sm1 mutant",3,6,"sm1 mutant",1,1
"24GM1003","24GM","24GM1003_010",NA,"Silk Inoc, Purple Kernels","23NN003_001b","CFAR600","sm1 mutant","sm1 mutant",3,6,"sm1 mutant",1,1
"24GM1003","24GM","24GM1003_011",NA,"Silk Inoc, Purple Kernels","23NN003_001b","CFAR600","sm1 mutant","sm1 mutant",3,6,"sm1 mutant",1,1
"24GM1003","24GM","24GM1003_012",NA,"Silk Inoc, Purple Kernels","23NN003_001b","CFAR600","sm1 mutant","sm1 mutant",3,6,"sm1 mutant",1,1
"24GM1003","24GM","24GM1003_013",NA,"Silk Inoc, Purple Kernels","23NN003_001b","CFAR600","sm1 mutant","sm1 mutant",3,6,"sm1 mutant",1,1
"24GM1003","24GM","24GM1003_014",NA,"Silk Inoc, Purple Kernels","23NN003_001b","CFAR600","sm1 mutant","sm1 mutant",3,6,"sm1 mutant",1,1
"24GM1003","24GM","24GM1003_015",NA,"Silk Inoc, Purple Kernels","23NN003_001b","CFAR600","sm1 mutant","sm1 mutant",3,6,"sm1 mutant",1,1
"24GM1003","24GM","24GM1003_016",NA,"Silk Inoc, Purple Kernels","23NN003_001b","CFAR600","sm1 mutant","sm1 mutant",3,6,"sm1 mutant",1,1
"24GM1003","24GM","24GM1003_017",NA,"Silk Inoc, Purple Kernels","23NN003_001b","CFAR600","sm1 mutant","sm1 mutant",3,6,"sm1 mutant",1,1
"24GM1003","24GM","24GM1003_018",NA,"Silk Inoc, Purple Kernels","23NN003_001b","CFAR600","sm1 mutant","sm1 mutant",3,6,"sm1 mutant",1,1
"24GM1003","24GM","24GM1003_019",NA,"Silk Inoc, Purple Kernels","23NN003_001b","CFAR600","sm1 mutant","sm1 mutant",3,6,"sm1 mutant",1,1
"24GM1003","24GM","24GM1003_020",NA,"Silk Inoc, Purple Kernels","23NN003_001b","CFAR600","sm1 mutant","sm1 mutant",3,6,"sm1 mutant",1,1
"24GM1004","24GM","24GM1004_001",NA,"Silk Inoc, Purple Kernels","23NN003_001b","CFAR600","sm1 mutant","sm1 mutant",4,6,"sm1 mutant",1,1
"24GM1004","24GM","24GM1004_002",NA,"Silk Inoc, Purple Kernels","23NN003_001b","CFAR600","sm1 mutant","sm1 mutant",4,6,"sm1 mutant",1,1
"24GM1004","24GM","24GM1004_003",NA,"Silk Inoc, Purple Kernels","23NN003_001b","CFAR600","sm1 mutant","sm1 mutant",4,6,"sm1 mutant",1,1
"24GM1004","24GM","24GM1004_004",NA,"Silk Inoc, Purple Kernels","23NN003_001b","CFAR600","sm1 mutant","sm1 mutant",4,6,"sm1 mutant",1,1
"24GM1004","24GM","24GM1004_005",NA,"Silk Inoc, Purple Kernels","23NN003_001b","CFAR600","sm1 mutant","sm1 mutant",4,6,"sm1 mutant",1,1
"24GM1004","24GM","24GM1004_006",NA,"Silk Inoc, Purple Kernels","23NN003_001b","CFAR600","sm1 mutant","sm1 mutant",4,6,"sm1 mutant",1,1
"24GM1004","24GM","24GM1004_007",NA,"Silk Inoc, Purple Kernels","23NN003_001b","CFAR600","sm1 mutant","sm1 mutant",4,6,"sm1 mutant",1,1
"24GM1004","24GM","24GM1004_008",NA,"Silk Inoc, Purple Kernels","23NN003_001b","CFAR600","sm1 mutant","sm1 mutant",4,6,"sm1 mutant",1,1
"24GM1004","24GM","24GM1004_009",NA,"Silk Inoc, Purple Kernels","23NN003_001b","CFAR600","sm1 mutant","sm1 mutant",4,6,"sm1 mutant",1,1
"24GM1004","24GM","24GM1004_010",NA,"Silk Inoc, Purple Kernels","23NN003_001b","CFAR600","sm1 mutant","sm1 mutant",4,6,"sm1 mutant",1,1
"24GM1004","24GM","24GM1004_011",NA,"Silk Inoc, Purple Kernels","23NN003_001b","CFAR600","sm1 mutant","sm1 mutant",4,6,"sm1 mutant",1,1
"24GM1004","24GM","24GM1004_012",NA,"Silk Inoc, Purple Kernels","23NN003_001b","CFAR600","sm1 mutant","sm1 mutant",4,6,"sm1 mutant",1,1
"24GM1004","24GM","24GM1004_013",NA,"Silk Inoc, Purple Kernels","23NN003_001b","CFAR600","sm1 mutant","sm1 mutant",4,6,"sm1 mutant",1,1
"24GM1004","24GM","24GM1004_014",NA,"Silk Inoc, Purple Kernels","23NN003_001b","CFAR600","sm1 mutant","sm1 mutant",4,6,"sm1 mutant",1,1
"24GM1004","24GM","24GM1004_015",NA,"Silk Inoc, Purple Kernels","23NN003_001b","CFAR600","sm1 mutant","sm1 mutant",4,6,"sm1 mutant",1,1
"24GM1004","24GM","24GM1004_016",NA,"Silk Inoc, Purple Kernels","23NN003_001b","CFAR600","sm1 mutant","sm1 mutant",4,6,"sm1 mutant",1,1
"24GM1004","24GM","24GM1004_017",NA,"Silk Inoc, Purple Kernels","23NN003_001b","CFAR600","sm1 mutant","sm1 mutant",4,6,"sm1 mutant",1,1
"24GM1004","24GM","24GM1004_018",NA,"Silk Inoc, Purple Kernels","23NN003_001b","CFAR600","sm1 mutant","sm1 mutant",4,6,"sm1 mutant",1,1
"24GM1004","24GM","24GM1004_019",NA,"Silk Inoc, Purple Kernels","23NN003_001b","CFAR600","sm1 mutant","sm1 mutant",4,6,"sm1 mutant",1,1
"24GM1004","24GM","24GM1004_020",NA,"Silk Inoc, Purple Kernels","23NN003_001b","CFAR600","sm1 mutant","sm1 mutant",4,6,"sm1 mutant",1,1
"24GM1005","24GM","24GM1005_001",NA,"Silk Inoc, Purple Kernels","23NN003_001b","CFAR600","sm1 mutant","sm1 mutant",3,7,"sm1 mutant",1,1
"24GM1005","24GM","24GM1005_002",NA,"Silk Inoc, Purple Kernels","23NN003_001b","CFAR600","sm1 mutant","sm1 mutant",3,7,"sm1 mutant",1,1
"24GM1005","24GM","24GM1005_003",NA,"Silk Inoc, Purple Kernels","23NN003_001b","CFAR600","sm1 mutant","sm1 mutant",3,7,"sm1 mutant",1,1
"24GM1005","24GM","24GM1005_004",NA,"Silk Inoc, Purple Kernels","23NN003_001b","CFAR600","sm1 mutant","sm1 mutant",3,7,"sm1 mutant",1,1
"24GM1005","24GM","24GM1005_005",NA,"Silk Inoc, Purple Kernels","23NN003_001b","CFAR600","sm1 mutant","sm1 mutant",3,7,"sm1 mutant",1,1
"24GM1005","24GM","24GM1005_006",NA,"Silk Inoc, Purple Kernels","23NN003_001b","CFAR600","sm1 mutant","sm1 mutant",3,7,"sm1 mutant",1,1
"24GM1005","24GM","24GM1005_007",NA,"Silk Inoc, Purple Kernels","23NN003_001b","CFAR600","sm1 mutant","sm1 mutant",3,7,"sm1 mutant",1,1
"24GM1005","24GM","24GM1005_008",NA,"Silk Inoc, Purple Kernels","23NN003_001b","CFAR600","sm1 mutant","sm1 mutant",3,7,"sm1 mutant",1,1
"24GM1005","24GM","24GM1005_009",NA,"Silk Inoc, Purple Kernels","23NN003_001b","CFAR600","sm1 mutant","sm1 mutant",3,7,"sm1 mutant",1,1
"24GM1005","24GM","24GM1005_010",NA,"Silk Inoc, Purple Kernels","23NN003_001b","CFAR600","sm1 mutant","sm1 mutant",3,7,"sm1 mutant",1,1
"24GM1005","24GM","24GM1005_011",NA,"Silk Inoc, Purple Kernels","23NN003_001b","CFAR600","sm1 mutant","sm1 mutant",3,7,"sm1 mutant",1,1
"24GM1005","24GM","24GM1005_012",NA,"Silk Inoc, Purple Kernels","23NN003_001b","CFAR600","sm1 mutant","sm1 mutant",3,7,"sm1 mutant",1,1
"24GM1005","24GM","24GM1005_013",NA,"Silk Inoc, Purple Kernels","23NN003_001b","CFAR600","sm1 mutant","sm1 mutant",3,7,"sm1 mutant",1,1
"24GM1005","24GM","24GM1005_014",NA,"Silk Inoc, Purple Kernels","23NN003_001b","CFAR600","sm1 mutant","sm1 mutant",3,7,"sm1 mutant",1,1
"24GM1005","24GM","24GM1005_015",NA,"Silk Inoc, Purple Kernels","23NN003_001b","CFAR600","sm1 mutant","sm1 mutant",3,7,"sm1 mutant",1,1
"24GM1005","24GM","24GM1005_016",NA,"Silk Inoc, Purple Kernels","23NN003_001b","CFAR600","sm1 mutant","sm1 mutant",3,7,"sm1 mutant",1,1
"24GM1005","24GM","24GM1005_017",NA,"Silk Inoc, Purple Kernels","23NN003_001b","CFAR600","sm1 mutant","sm1 mutant",3,7,"sm1 mutant",1,1
"24GM1005","24GM","24GM1005_018",NA,"Silk Inoc, Purple Kernels","23NN003_001b","CFAR600","sm1 mutant","sm1 mutant",3,7,"sm1 mutant",1,1
"24GM1005","24GM","24GM1005_019",NA,"Silk Inoc, Purple Kernels","23NN003_001b","CFAR600","sm1 mutant","sm1 mutant",3,7,"sm1 mutant",1,1
"24GM1005","24GM","24GM1005_020",NA,"Silk Inoc, Purple Kernels","23NN003_001b","CFAR600","sm1 mutant","sm1 mutant",3,7,"sm1 mutant",1,1
"24GM1006","24GM","24GM1006_001",NA,"Silk Inoc, Purple Kernels","23NN003_001b","CFAR600","sm1 mutant","sm1 mutant",4,7,"sm1 mutant",1,1
"24GM1006","24GM","24GM1006_002",NA,"Silk Inoc, Purple Kernels","23NN003_001b","CFAR600","sm1 mutant","sm1 mutant",4,7,"sm1 mutant",1,1
"24GM1006","24GM","24GM1006_003",NA,"Silk Inoc, Purple Kernels","23NN003_001b","CFAR600","sm1 mutant","sm1 mutant",4,7,"sm1 mutant",1,1
"24GM1006","24GM","24GM1006_004",NA,"Silk Inoc, Purple Kernels","23NN003_001b","CFAR600","sm1 mutant","sm1 mutant",4,7,"sm1 mutant",1,1
"24GM1006","24GM","24GM1006_005",NA,"Silk Inoc, Purple Kernels","23NN003_001b","CFAR600","sm1 mutant","sm1 mutant",4,7,"sm1 mutant",1,1
"24GM1006","24GM","24GM1006_006",NA,"Silk Inoc, Purple Kernels","23NN003_001b","CFAR600","sm1 mutant","sm1 mutant",4,7,"sm1 mutant",1,1
"24GM1006","24GM","24GM1006_007",NA,"Silk Inoc, Purple Kernels","23NN003_001b","CFAR600","sm1 mutant","sm1 mutant",4,7,"sm1 mutant",1,1
"24GM1006","24GM","24GM1006_008",NA,"Silk Inoc, Purple Kernels","23NN003_001b","CFAR600","sm1 mutant","sm1 mutant",4,7,"sm1 mutant",1,1
"24GM1006","24GM","24GM1006_009",NA,"Silk Inoc, Purple Kernels","23NN003_001b","CFAR600","sm1 mutant","sm1 mutant",4,7,"sm1 mutant",1,1
"24GM1006","24GM","24GM1006_010",NA,"Silk Inoc, Purple Kernels","23NN003_001b","CFAR600","sm1 mutant","sm1 mutant",4,7,"sm1 mutant",1,1
"24GM1006","24GM","24GM1006_011",NA,"Silk Inoc, Purple Kernels","23NN003_001b","CFAR600","sm1 mutant","sm1 mutant",4,7,"sm1 mutant",1,1
"24GM1006","24GM","24GM1006_012",NA,"Silk Inoc, Purple Kernels","23NN003_001b","CFAR600","sm1 mutant","sm1 mutant",4,7,"sm1 mutant",1,1
"24GM1006","24GM","24GM1006_013",NA,"Silk Inoc, Purple Kernels","23NN003_001b","CFAR600","sm1 mutant","sm1 mutant",4,7,"sm1 mutant",1,1
"24GM1006","24GM","24GM1006_014",NA,"Silk Inoc, Purple Kernels","23NN003_001b","CFAR600","sm1 mutant","sm1 mutant",4,7,"sm1 mutant",1,1
"24GM1006","24GM","24GM1006_015",NA,"Silk Inoc, Purple Kernels","23NN003_001b","CFAR600","sm1 mutant","sm1 mutant",4,7,"sm1 mutant",1,1
"24GM1006","24GM","24GM1006_016",NA,"Silk Inoc, Purple Kernels","23NN003_001b","CFAR600","sm1 mutant","sm1 mutant",4,7,"sm1 mutant",1,1
"24GM1006","24GM","24GM1006_017",NA,"Silk Inoc, Purple Kernels","23NN003_001b","CFAR600","sm1 mutant","sm1 mutant",4,7,"sm1 mutant",1,1
"24GM1006","24GM","24GM1006_018",NA,"Silk Inoc, Purple Kernels","23NN003_001b","CFAR600","sm1 mutant","sm1 mutant",4,7,"sm1 mutant",1,1
"24GM1006","24GM","24GM1006_019",NA,"Silk Inoc, Purple Kernels","23NN003_001b","CFAR600","sm1 mutant","sm1 mutant",4,7,"sm1 mutant",1,1
"24GM1006","24GM","24GM1006_020",NA,"Silk Inoc, Purple Kernels","23NN003_001b","CFAR600","sm1 mutant","sm1 mutant",4,7,"sm1 mutant",1,1
"24GM1007","24GM","24GM1007_001",NA,"Silk Inoc, Purple Kernels","23NN003_001b","CFAR600","sm1 mutant","sm1 mutant",3,8,"sm1 mutant",1,1
"24GM1007","24GM","24GM1007_002",NA,"Silk Inoc, Purple Kernels","23NN003_001b","CFAR600","sm1 mutant","sm1 mutant",3,8,"sm1 mutant",1,1
"24GM1007","24GM","24GM1007_003",NA,"Silk Inoc, Purple Kernels","23NN003_001b","CFAR600","sm1 mutant","sm1 mutant",3,8,"sm1 mutant",1,1
"24GM1007","24GM","24GM1007_004",NA,"Silk Inoc, Purple Kernels","23NN003_001b","CFAR600","sm1 mutant","sm1 mutant",3,8,"sm1 mutant",1,1
"24GM1007","24GM","24GM1007_005",NA,"Silk Inoc, Purple Kernels","23NN003_001b","CFAR600","sm1 mutant","sm1 mutant",3,8,"sm1 mutant",1,1
"24GM1007","24GM","24GM1007_006",NA,"Silk Inoc, Purple Kernels","23NN003_001b","CFAR600","sm1 mutant","sm1 mutant",3,8,"sm1 mutant",1,1
"24GM1007","24GM","24GM1007_007",NA,"Silk Inoc, Purple Kernels","23NN003_001b","CFAR600","sm1 mutant","sm1 mutant",3,8,"sm1 mutant",1,1
"24GM1007","24GM","24GM1007_008",NA,"Silk Inoc, Purple Kernels","23NN003_001b","CFAR600","sm1 mutant","sm1 mutant",3,8,"sm1 mutant",1,1
"24GM1007","24GM","24GM1007_009",NA,"Silk Inoc, Purple Kernels","23NN003_001b","CFAR600","sm1 mutant","sm1 mutant",3,8,"sm1 mutant",1,1
"24GM1007","24GM","24GM1007_010",NA,"Silk Inoc, Purple Kernels","23NN003_001b","CFAR600","sm1 mutant","sm1 mutant",3,8,"sm1 mutant",1,1
"24GM1007","24GM","24GM1007_011",NA,"Silk Inoc, Purple Kernels","23NN003_001b","CFAR600","sm1 mutant","sm1 mutant",3,8,"sm1 mutant",1,1
"24GM1007","24GM","24GM1007_012",NA,"Silk Inoc, Purple Kernels","23NN003_001b","CFAR600","sm1 mutant","sm1 mutant",3,8,"sm1 mutant",1,1
"24GM1007","24GM","24GM1007_013",NA,"Silk Inoc, Purple Kernels","23NN003_001b","CFAR600","sm1 mutant","sm1 mutant",3,8,"sm1 mutant",1,1
"24GM1007","24GM","24GM1007_014",NA,"Silk Inoc, Purple Kernels","23NN003_001b","CFAR600","sm1 mutant","sm1 mutant",3,8,"sm1 mutant",1,1
"24GM1007","24GM","24GM1007_015",NA,"Silk Inoc, Purple Kernels","23NN003_001b","CFAR600","sm1 mutant","sm1 mutant",3,8,"sm1 mutant",1,1
"24GM1007","24GM","24GM1007_016",NA,"Silk Inoc, Purple Kernels","23NN003_001b","CFAR600","sm1 mutant","sm1 mutant",3,8,"sm1 mutant",1,1
"24GM1007","24GM","24GM1007_017",NA,"Silk Inoc, Purple Kernels","23NN003_001b","CFAR600","sm1 mutant","sm1 mutant",3,8,"sm1 mutant",1,1
"24GM1007","24GM","24GM1007_018",NA,"Silk Inoc, Purple Kernels","23NN003_001b","CFAR600","sm1 mutant","sm1 mutant",3,8,"sm1 mutant",1,1
"24GM1007","24GM","24GM1007_019",NA,"Silk Inoc, Purple Kernels","23NN003_001b","CFAR600","sm1 mutant","sm1 mutant",3,8,"sm1 mutant",1,1
"24GM1007","24GM","24GM1007_020",NA,"Silk Inoc, Purple Kernels","23NN003_001b","CFAR600","sm1 mutant","sm1 mutant",3,8,"sm1 mutant",1,1
"24GM1008","24GM","24GM1008_001",NA,"Silk Inoc, Yellow Kernels","23NN003_001b","CFAR600","sm1 mutant","sm1 mutant",4,8,"sm1 mutant",2,2
"24GM1008","24GM","24GM1008_002",NA,"Silk Inoc, Yellow Kernels","23NN003_001b","CFAR600","sm1 mutant","sm1 mutant",4,8,"sm1 mutant",2,2
"24GM1008","24GM","24GM1008_003",NA,"Silk Inoc, Yellow Kernels","23NN003_001b","CFAR600","sm1 mutant","sm1 mutant",4,8,"sm1 mutant",2,2
"24GM1008","24GM","24GM1008_004",NA,"Silk Inoc, Yellow Kernels","23NN003_001b","CFAR600","sm1 mutant","sm1 mutant",4,8,"sm1 mutant",2,2
"24GM1008","24GM","24GM1008_005",NA,"Silk Inoc, Yellow Kernels","23NN003_001b","CFAR600","sm1 mutant","sm1 mutant",4,8,"sm1 mutant",2,2
"24GM1008","24GM","24GM1008_006",NA,"Silk Inoc, Yellow Kernels","23NN003_001b","CFAR600","sm1 mutant","sm1 mutant",4,8,"sm1 mutant",2,2
"24GM1008","24GM","24GM1008_007",NA,"Silk Inoc, Yellow Kernels","23NN003_001b","CFAR600","sm1 mutant","sm1 mutant",4,8,"sm1 mutant",2,2
"24GM1008","24GM","24GM1008_008",NA,"Silk Inoc, Yellow Kernels","23NN003_001b","CFAR600","sm1 mutant","sm1 mutant",4,8,"sm1 mutant",2,2
"24GM1008","24GM","24GM1008_009",NA,"Silk Inoc, Yellow Kernels","23NN003_001b","CFAR600","sm1 mutant","sm1 mutant",4,8,"sm1 mutant",2,2
"24GM1008","24GM","24GM1008_010",NA,"Silk Inoc, Yellow Kernels","23NN003_001b","CFAR600","sm1 mutant","sm1 mutant",4,8,"sm1 mutant",2,2
"24GM1008","24GM","24GM1008_011",NA,"Silk Inoc, Yellow Kernels","23NN003_001b","CFAR600","sm1 mutant","sm1 mutant",4,8,"sm1 mutant",2,2
"24GM1008","24GM","24GM1008_012",NA,"Silk Inoc, Yellow Kernels","23NN003_001b","CFAR600","sm1 mutant","sm1 mutant",4,8,"sm1 mutant",2,2
"24GM1008","24GM","24GM1008_013",NA,"Silk Inoc, Yellow Kernels","23NN003_001b","CFAR600","sm1 mutant","sm1 mutant",4,8,"sm1 mutant",2,2
"24GM1008","24GM","24GM1008_014",NA,"Silk Inoc, Yellow Kernels","23NN003_001b","CFAR600","sm1 mutant","sm1 mutant",4,8,"sm1 mutant",2,2
"24GM1008","24GM","24GM1008_015",NA,"Silk Inoc, Yellow Kernels","23NN003_001b","CFAR600","sm1 mutant","sm1 mutant",4,8,"sm1 mutant",2,2
"24GM1008","24GM","24GM1008_016",NA,"Silk Inoc, Yellow Kernels","23NN003_001b","CFAR600","sm1 mutant","sm1 mutant",4,8,"sm1 mutant",2,2
"24GM1008","24GM","24GM1008_017",NA,"Silk Inoc, Yellow Kernels","23NN003_001b","CFAR600","sm1 mutant","sm1 mutant",4,8,"sm1 mutant",2,2
"24GM1008","24GM","24GM1008_018",NA,"Silk Inoc, Yellow Kernels","23NN003_001b","CFAR600","sm1 mutant","sm1 mutant",4,8,"sm1 mutant",2,2
"24GM1008","24GM","24GM1008_019",NA,"Silk Inoc, Yellow Kernels","23NN003_001b","CFAR600","sm1 mutant","sm1 mutant",4,8,"sm1 mutant",2,2
"24GM1008","24GM","24GM1008_020",NA,"Silk Inoc, Yellow Kernels","23NN003_001b","CFAR600","sm1 mutant","sm1 mutant",4,8,"sm1 mutant",2,2
"24GM1009","24GM","24GM1009_001",NA,"Silk Inoc, Yellow Kernels","23NN003_001b","CFAR600","sm1 mutant","sm1 mutant",3,9,"sm1 mutant",2,2
"24GM1009","24GM","24GM1009_002",NA,"Silk Inoc, Yellow Kernels","23NN003_001b","CFAR600","sm1 mutant","sm1 mutant",3,9,"sm1 mutant",2,2
"24GM1009","24GM","24GM1009_003",NA,"Silk Inoc, Yellow Kernels","23NN003_001b","CFAR600","sm1 mutant","sm1 mutant",3,9,"sm1 mutant",2,2
"24GM1009","24GM","24GM1009_004",NA,"Silk Inoc, Yellow Kernels","23NN003_001b","CFAR600","sm1 mutant","sm1 mutant",3,9,"sm1 mutant",2,2
"24GM1009","24GM","24GM1009_005",NA,"Silk Inoc, Yellow Kernels","23NN003_001b","CFAR600","sm1 mutant","sm1 mutant",3,9,"sm1 mutant",2,2
"24GM1009","24GM","24GM1009_006",NA,"Silk Inoc, Yellow Kernels","23NN003_001b","CFAR600","sm1 mutant","sm1 mutant",3,9,"sm1 mutant",2,2
"24GM1009","24GM","24GM1009_007",NA,"Silk Inoc, Yellow Kernels","23NN003_001b","CFAR600","sm1 mutant","sm1 mutant",3,9,"sm1 mutant",2,2
"24GM1009","24GM","24GM1009_008",NA,"Silk Inoc, Yellow Kernels","23NN003_001b","CFAR600","sm1 mutant","sm1 mutant",3,9,"sm1 mutant",2,2
"24GM1009","24GM","24GM1009_009",NA,"Silk Inoc, Yellow Kernels","23NN003_001b","CFAR600","sm1 mutant","sm1 mutant",3,9,"sm1 mutant",2,2
"24GM1009","24GM","24GM1009_010",NA,"Silk Inoc, Yellow Kernels","23NN003_001b","CFAR600","sm1 mutant","sm1 mutant",3,9,"sm1 mutant",2,2
"24GM1009","24GM","24GM1009_011",NA,"Silk Inoc, Yellow Kernels","23NN003_001b","CFAR600","sm1 mutant","sm1 mutant",3,9,"sm1 mutant",2,2
"24GM1009","24GM","24GM1009_012",NA,"Silk Inoc, Yellow Kernels","23NN003_001b","CFAR600","sm1 mutant","sm1 mutant",3,9,"sm1 mutant",2,2
"24GM1009","24GM","24GM1009_013",NA,"Silk Inoc, Yellow Kernels","23NN003_001b","CFAR600","sm1 mutant","sm1 mutant",3,9,"sm1 mutant",2,2
"24GM1009","24GM","24GM1009_014",NA,"Silk Inoc, Yellow Kernels","23NN003_001b","CFAR600","sm1 mutant","sm1 mutant",3,9,"sm1 mutant",2,2
"24GM1009","24GM","24GM1009_015",NA,"Silk Inoc, Yellow Kernels","23NN003_001b","CFAR600","sm1 mutant","sm1 mutant",3,9,"sm1 mutant",2,2
"24GM1009","24GM","24GM1009_016",NA,"Silk Inoc, Yellow Kernels","23NN003_001b","CFAR600","sm1 mutant","sm1 mutant",3,9,"sm1 mutant",2,2
"24GM1009","24GM","24GM1009_017",NA,"Silk Inoc, Yellow Kernels","23NN003_001b","CFAR600","sm1 mutant","sm1 mutant",3,9,"sm1 mutant",2,2
"24GM1009","24GM","24GM1009_018",NA,"Silk Inoc, Yellow Kernels","23NN003_001b","CFAR600","sm1 mutant","sm1 mutant",3,9,"sm1 mutant",2,2
"24GM1009","24GM","24GM1009_019",NA,"Silk Inoc, Yellow Kernels","23NN003_001b","CFAR600","sm1 mutant","sm1 mutant",3,9,"sm1 mutant",2,2
"24GM1009","24GM","24GM1009_020",NA,"Silk Inoc, Yellow Kernels","23NN003_001b","CFAR600","sm1 mutant","sm1 mutant",3,9,"sm1 mutant",2,2
"24GM1010","24GM","24GM1010_001",NA,"Silk Inoc, Yellow Kernels","23NN003_001b","CFAR600","sm1 mutant","sm1 mutant",4,9,"sm1 mutant",2,2
"24GM1010","24GM","24GM1010_002",NA,"Silk Inoc, Yellow Kernels","23NN003_001b","CFAR600","sm1 mutant","sm1 mutant",4,9,"sm1 mutant",2,2
"24GM1010","24GM","24GM1010_003",NA,"Silk Inoc, Yellow Kernels","23NN003_001b","CFAR600","sm1 mutant","sm1 mutant",4,9,"sm1 mutant",2,2
"24GM1010","24GM","24GM1010_004",NA,"Silk Inoc, Yellow Kernels","23NN003_001b","CFAR600","sm1 mutant","sm1 mutant",4,9,"sm1 mutant",2,2
"24GM1010","24GM","24GM1010_005",NA,"Silk Inoc, Yellow Kernels","23NN003_001b","CFAR600","sm1 mutant","sm1 mutant",4,9,"sm1 mutant",2,2
"24GM1010","24GM","24GM1010_006",NA,"Silk Inoc, Yellow Kernels","23NN003_001b","CFAR600","sm1 mutant","sm1 mutant",4,9,"sm1 mutant",2,2
"24GM1010","24GM","24GM1010_007",NA,"Silk Inoc, Yellow Kernels","23NN003_001b","CFAR600","sm1 mutant","sm1 mutant",4,9,"sm1 mutant",2,2
"24GM1010","24GM","24GM1010_008",NA,"Silk Inoc, Yellow Kernels","23NN003_001b","CFAR600","sm1 mutant","sm1 mutant",4,9,"sm1 mutant",2,2
"24GM1010","24GM","24GM1010_009",NA,"Silk Inoc, Yellow Kernels","23NN003_001b","CFAR600","sm1 mutant","sm1 mutant",4,9,"sm1 mutant",2,2
"24GM1010","24GM","24GM1010_010",NA,"Silk Inoc, Yellow Kernels","23NN003_001b","CFAR600","sm1 mutant","sm1 mutant",4,9,"sm1 mutant",2,2
"24GM1010","24GM","24GM1010_011",NA,"Silk Inoc, Yellow Kernels","23NN003_001b","CFAR600","sm1 mutant","sm1 mutant",4,9,"sm1 mutant",2,2
"24GM1010","24GM","24GM1010_012",NA,"Silk Inoc, Yellow Kernels","23NN003_001b","CFAR600","sm1 mutant","sm1 mutant",4,9,"sm1 mutant",2,2
"24GM1010","24GM","24GM1010_013",NA,"Silk Inoc, Yellow Kernels","23NN003_001b","CFAR600","sm1 mutant","sm1 mutant",4,9,"sm1 mutant",2,2
"24GM1010","24GM","24GM1010_014",NA,"Silk Inoc, Yellow Kernels","23NN003_001b","CFAR600","sm1 mutant","sm1 mutant",4,9,"sm1 mutant",2,2
"24GM1010","24GM","24GM1010_015",NA,"Silk Inoc, Yellow Kernels","23NN003_001b","CFAR600","sm1 mutant","sm1 mutant",4,9,"sm1 mutant",2,2
"24GM1010","24GM","24GM1010_016",NA,"Silk Inoc, Yellow Kernels","23NN003_001b","CFAR600","sm1 mutant","sm1 mutant",4,9,"sm1 mutant",2,2
"24GM1010","24GM","24GM1010_017",NA,"Silk Inoc, Yellow Kernels","23NN003_001b","CFAR600","sm1 mutant","sm1 mutant",4,9,"sm1 mutant",2,2
"24GM1010","24GM","24GM1010_018",NA,"Silk Inoc, Yellow Kernels","23NN003_001b","CFAR600","sm1 mutant","sm1 mutant",4,9,"sm1 mutant",2,2
"24GM1010","24GM","24GM1010_019",NA,"Silk Inoc, Yellow Kernels","23NN003_001b","CFAR600","sm1 mutant","sm1 mutant",4,9,"sm1 mutant",2,2
"24GM1010","24GM","24GM1010_020",NA,"Silk Inoc, Yellow Kernels","23NN003_001b","CFAR600","sm1 mutant","sm1 mutant",4,9,"sm1 mutant",2,2
"24GM1011","24GM","24GM1011_001",NA,"Silk Inoc, Yellow Kernels","23NN003_001b","CFAR600","sm1 mutant","sm1 mutant",3,10,"sm1 mutant",2,2
"24GM1011","24GM","24GM1011_002",NA,"Silk Inoc, Yellow Kernels","23NN003_001b","CFAR600","sm1 mutant","sm1 mutant",3,10,"sm1 mutant",2,2
"24GM1011","24GM","24GM1011_003",NA,"Silk Inoc, Yellow Kernels","23NN003_001b","CFAR600","sm1 mutant","sm1 mutant",3,10,"sm1 mutant",2,2
"24GM1011","24GM","24GM1011_004",NA,"Silk Inoc, Yellow Kernels","23NN003_001b","CFAR600","sm1 mutant","sm1 mutant",3,10,"sm1 mutant",2,2
"24GM1011","24GM","24GM1011_005",NA,"Silk Inoc, Yellow Kernels","23NN003_001b","CFAR600","sm1 mutant","sm1 mutant",3,10,"sm1 mutant",2,2
"24GM1011","24GM","24GM1011_006",NA,"Silk Inoc, Yellow Kernels","23NN003_001b","CFAR600","sm1 mutant","sm1 mutant",3,10,"sm1 mutant",2,2
"24GM1011","24GM","24GM1011_007",NA,"Silk Inoc, Yellow Kernels","23NN003_001b","CFAR600","sm1 mutant","sm1 mutant",3,10,"sm1 mutant",2,2
"24GM1011","24GM","24GM1011_008",NA,"Silk Inoc, Yellow Kernels","23NN003_001b","CFAR600","sm1 mutant","sm1 mutant",3,10,"sm1 mutant",2,2
"24GM1011","24GM","24GM1011_009",NA,"Silk Inoc, Yellow Kernels","23NN003_001b","CFAR600","sm1 mutant","sm1 mutant",3,10,"sm1 mutant",2,2
"24GM1011","24GM","24GM1011_010",NA,"Silk Inoc, Yellow Kernels","23NN003_001b","CFAR600","sm1 mutant","sm1 mutant",3,10,"sm1 mutant",2,2
"24GM1011","24GM","24GM1011_011",NA,"Silk Inoc, Yellow Kernels","23NN003_001b","CFAR600","sm1 mutant","sm1 mutant",3,10,"sm1 mutant",2,2
"24GM1011","24GM","24GM1011_012",NA,"Silk Inoc, Yellow Kernels","23NN003_001b","CFAR600","sm1 mutant","sm1 mutant",3,10,"sm1 mutant",2,2
"24GM1011","24GM","24GM1011_013",NA,"Silk Inoc, Yellow Kernels","23NN003_001b","CFAR600","sm1 mutant","sm1 mutant",3,10,"sm1 mutant",2,2
"24GM1011","24GM","24GM1011_014",NA,"Silk Inoc, Yellow Kernels","23NN003_001b","CFAR600","sm1 mutant","sm1 mutant",3,10,"sm1 mutant",2,2
"24GM1011","24GM","24GM1011_015",NA,"Silk Inoc, Yellow Kernels","23NN003_001b","CFAR600","sm1 mutant","sm1 mutant",3,10,"sm1 mutant",2,2
"24GM1011","24GM","24GM1011_016",NA,"Silk Inoc, Yellow Kernels","23NN003_001b","CFAR600","sm1 mutant","sm1 mutant",3,10,"sm1 mutant",2,2
"24GM1011","24GM","24GM1011_017",NA,"Silk Inoc, Yellow Kernels","23NN003_001b","CFAR600","sm1 mutant","sm1 mutant",3,10,"sm1 mutant",2,2
"24GM1011","24GM","24GM1011_018",NA,"Silk Inoc, Yellow Kernels","23NN003_001b","CFAR600","sm1 mutant","sm1 mutant",3,10,"sm1 mutant",2,2
"24GM1011","24GM","24GM1011_019",NA,"Silk Inoc, Yellow Kernels","23NN003_001b","CFAR600","sm1 mutant","sm1 mutant",3,10,"sm1 mutant",2,2
"24GM1011","24GM","24GM1011_020",NA,"Silk Inoc, Yellow Kernels","23NN003_001b","CFAR600","sm1 mutant","sm1 mutant",3,10,"sm1 mutant",2,2
"24GM1012","24GM","24GM1012_001",NA,"Silk Inoc, Yellow Kernels","23NN003_001b","CFAR600","sm1 mutant","sm1 mutant",4,10,"sm1 mutant",2,2
"24GM1012","24GM","24GM1012_002",NA,"Silk Inoc, Yellow Kernels","23NN003_001b","CFAR600","sm1 mutant","sm1 mutant",4,10,"sm1 mutant",2,2
"24GM1012","24GM","24GM1012_003",NA,"Silk Inoc, Yellow Kernels","23NN003_001b","CFAR600","sm1 mutant","sm1 mutant",4,10,"sm1 mutant",2,2
"24GM1012","24GM","24GM1012_004",NA,"Silk Inoc, Yellow Kernels","23NN003_001b","CFAR600","sm1 mutant","sm1 mutant",4,10,"sm1 mutant",2,2
"24GM1012","24GM","24GM1012_005",NA,"Silk Inoc, Yellow Kernels","23NN003_001b","CFAR600","sm1 mutant","sm1 mutant",4,10,"sm1 mutant",2,2
"24GM1012","24GM","24GM1012_006",NA,"Silk Inoc, Yellow Kernels","23NN003_001b","CFAR600","sm1 mutant","sm1 mutant",4,10,"sm1 mutant",2,2
"24GM1012","24GM","24GM1012_007",NA,"Silk Inoc, Yellow Kernels","23NN003_001b","CFAR600","sm1 mutant","sm1 mutant",4,10,"sm1 mutant",2,2
"24GM1012","24GM","24GM1012_008",NA,"Silk Inoc, Yellow Kernels","23NN003_001b","CFAR600","sm1 mutant","sm1 mutant",4,10,"sm1 mutant",2,2
"24GM1012","24GM","24GM1012_009",NA,"Silk Inoc, Yellow Kernels","23NN003_001b","CFAR600","sm1 mutant","sm1 mutant",4,10,"sm1 mutant",2,2
"24GM1012","24GM","24GM1012_010",NA,"Silk Inoc, Yellow Kernels","23NN003_001b","CFAR600","sm1 mutant","sm1 mutant",4,10,"sm1 mutant",2,2
"24GM1012","24GM","24GM1012_011",NA,"Silk Inoc, Yellow Kernels","23NN003_001b","CFAR600","sm1 mutant","sm1 mutant",4,10,"sm1 mutant",2,2
"24GM1012","24GM","24GM1012_012",NA,"Silk Inoc, Yellow Kernels","23NN003_001b","CFAR600","sm1 mutant","sm1 mutant",4,10,"sm1 mutant",2,2
"24GM1012","24GM","24GM1012_013",NA,"Silk Inoc, Yellow Kernels","23NN003_001b","CFAR600","sm1 mutant","sm1 mutant",4,10,"sm1 mutant",2,2
"24GM1012","24GM","24GM1012_014",NA,"Silk Inoc, Yellow Kernels","23NN003_001b","CFAR600","sm1 mutant","sm1 mutant",4,10,"sm1 mutant",2,2
"24GM1012","24GM","24GM1012_015",NA,"Silk Inoc, Yellow Kernels","23NN003_001b","CFAR600","sm1 mutant","sm1 mutant",4,10,"sm1 mutant",2,2
"24GM1012","24GM","24GM1012_016",NA,"Silk Inoc, Yellow Kernels","23NN003_001b","CFAR600","sm1 mutant","sm1 mutant",4,10,"sm1 mutant",2,2
"24GM1012","24GM","24GM1012_017",NA,"Silk Inoc, Yellow Kernels","23NN003_001b","CFAR600","sm1 mutant","sm1 mutant",4,10,"sm1 mutant",2,2
"24GM1012","24GM","24GM1012_018",NA,"Silk Inoc, Yellow Kernels","23NN003_001b","CFAR600","sm1 mutant","sm1 mutant",4,10,"sm1 mutant",2,2
"24GM1012","24GM","24GM1012_019",NA,"Silk Inoc, Yellow Kernels","23NN003_001b","CFAR600","sm1 mutant","sm1 mutant",4,10,"sm1 mutant",2,2
"24GM1012","24GM","24GM1012_020",NA,"Silk Inoc, Yellow Kernels","23NN003_001b","CFAR600","sm1 mutant","sm1 mutant",4,10,"sm1 mutant",2,2
"24GM1013","24GM","24GM1013_001",NA,"Silk Inoc, Yellow Kernels","23NN003_001b","CFAR600","sm1 mutant","sm1 mutant",3,11,"sm1 mutant",2,2
"24GM1013","24GM","24GM1013_002",NA,"Silk Inoc, Yellow Kernels","23NN003_001b","CFAR600","sm1 mutant","sm1 mutant",3,11,"sm1 mutant",2,2
"24GM1013","24GM","24GM1013_003",NA,"Silk Inoc, Yellow Kernels","23NN003_001b","CFAR600","sm1 mutant","sm1 mutant",3,11,"sm1 mutant",2,2
"24GM1013","24GM","24GM1013_004",NA,"Silk Inoc, Yellow Kernels","23NN003_001b","CFAR600","sm1 mutant","sm1 mutant",3,11,"sm1 mutant",2,2
"24GM1013","24GM","24GM1013_005",NA,"Silk Inoc, Yellow Kernels","23NN003_001b","CFAR600","sm1 mutant","sm1 mutant",3,11,"sm1 mutant",2,2
"24GM1013","24GM","24GM1013_006",NA,"Silk Inoc, Yellow Kernels","23NN003_001b","CFAR600","sm1 mutant","sm1 mutant",3,11,"sm1 mutant",2,2
"24GM1013","24GM","24GM1013_007",NA,"Silk Inoc, Yellow Kernels","23NN003_001b","CFAR600","sm1 mutant","sm1 mutant",3,11,"sm1 mutant",2,2
"24GM1013","24GM","24GM1013_008",NA,"Silk Inoc, Yellow Kernels","23NN003_001b","CFAR600","sm1 mutant","sm1 mutant",3,11,"sm1 mutant",2,2
"24GM1013","24GM","24GM1013_009",NA,"Silk Inoc, Yellow Kernels","23NN003_001b","CFAR600","sm1 mutant","sm1 mutant",3,11,"sm1 mutant",2,2
"24GM1013","24GM","24GM1013_010",NA,"Silk Inoc, Yellow Kernels","23NN003_001b","CFAR600","sm1 mutant","sm1 mutant",3,11,"sm1 mutant",2,2
"24GM1013","24GM","24GM1013_011",NA,"Silk Inoc, Yellow Kernels","23NN003_001b","CFAR600","sm1 mutant","sm1 mutant",3,11,"sm1 mutant",2,2
"24GM1013","24GM","24GM1013_012",NA,"Silk Inoc, Yellow Kernels","23NN003_001b","CFAR600","sm1 mutant","sm1 mutant",3,11,"sm1 mutant",2,2
"24GM1013","24GM","24GM1013_013",NA,"Silk Inoc, Yellow Kernels","23NN003_001b","CFAR600","sm1 mutant","sm1 mutant",3,11,"sm1 mutant",2,2
"24GM1013","24GM","24GM1013_014",NA,"Silk Inoc, Yellow Kernels","23NN003_001b","CFAR600","sm1 mutant","sm1 mutant",3,11,"sm1 mutant",2,2
"24GM1013","24GM","24GM1013_015",NA,"Silk Inoc, Yellow Kernels","23NN003_001b","CFAR600","sm1 mutant","sm1 mutant",3,11,"sm1 mutant",2,2
"24GM1013","24GM","24GM1013_016",NA,"Silk Inoc, Yellow Kernels","23NN003_001b","CFAR600","sm1 mutant","sm1 mutant",3,11,"sm1 mutant",2,2
"24GM1013","24GM","24GM1013_017",NA,"Silk Inoc, Yellow Kernels","23NN003_001b","CFAR600","sm1 mutant","sm1 mutant",3,11,"sm1 mutant",2,2
"24GM1013","24GM","24GM1013_018",NA,"Silk Inoc, Yellow Kernels","23NN003_001b","CFAR600","sm1 mutant","sm1 mutant",3,11,"sm1 mutant",2,2
"24GM1013","24GM","24GM1013_019",NA,"Silk Inoc, Yellow Kernels","23NN003_001b","CFAR600","sm1 mutant","sm1 mutant",3,11,"sm1 mutant",2,2
"24GM1013","24GM","24GM1013_020",NA,"Silk Inoc, Yellow Kernels","23NN003_001b","CFAR600","sm1 mutant","sm1 mutant",3,11,"sm1 mutant",2,2
"24GM1014","24GM","24GM1014_001",NA,"Silk Inoc, Yellow Kernels","23NN003_001b","CFAR600","sm1 mutant","sm1 mutant",4,11,"sm1 mutant",2,2
"24GM1014","24GM","24GM1014_002",NA,"Silk Inoc, Yellow Kernels","23NN003_001b","CFAR600","sm1 mutant","sm1 mutant",4,11,"sm1 mutant",2,2
"24GM1014","24GM","24GM1014_003",NA,"Silk Inoc, Yellow Kernels","23NN003_001b","CFAR600","sm1 mutant","sm1 mutant",4,11,"sm1 mutant",2,2
"24GM1014","24GM","24GM1014_004",NA,"Silk Inoc, Yellow Kernels","23NN003_001b","CFAR600","sm1 mutant","sm1 mutant",4,11,"sm1 mutant",2,2
"24GM1014","24GM","24GM1014_005",NA,"Silk Inoc, Yellow Kernels","23NN003_001b","CFAR600","sm1 mutant","sm1 mutant",4,11,"sm1 mutant",2,2
"24GM1014","24GM","24GM1014_006",NA,"Silk Inoc, Yellow Kernels","23NN003_001b","CFAR600","sm1 mutant","sm1 mutant",4,11,"sm1 mutant",2,2
"24GM1014","24GM","24GM1014_007",NA,"Silk Inoc, Yellow Kernels","23NN003_001b","CFAR600","sm1 mutant","sm1 mutant",4,11,"sm1 mutant",2,2
"24GM1014","24GM","24GM1014_008",NA,"Silk Inoc, Yellow Kernels","23NN003_001b","CFAR600","sm1 mutant","sm1 mutant",4,11,"sm1 mutant",2,2
"24GM1014","24GM","24GM1014_009",NA,"Silk Inoc, Yellow Kernels","23NN003_001b","CFAR600","sm1 mutant","sm1 mutant",4,11,"sm1 mutant",2,2
"24GM1014","24GM","24GM1014_010",NA,"Silk Inoc, Yellow Kernels","23NN003_001b","CFAR600","sm1 mutant","sm1 mutant",4,11,"sm1 mutant",2,2
"24GM1014","24GM","24GM1014_011",NA,"Silk Inoc, Yellow Kernels","23NN003_001b","CFAR600","sm1 mutant","sm1 mutant",4,11,"sm1 mutant",2,2
"24GM1014","24GM","24GM1014_012",NA,"Silk Inoc, Yellow Kernels","23NN003_001b","CFAR600","sm1 mutant","sm1 mutant",4,11,"sm1 mutant",2,2
"24GM1014","24GM","24GM1014_013",NA,"Silk Inoc, Yellow Kernels","23NN003_001b","CFAR600","sm1 mutant","sm1 mutant",4,11,"sm1 mutant",2,2
"24GM1014","24GM","24GM1014_014",NA,"Silk Inoc, Yellow Kernels","23NN003_001b","CFAR600","sm1 mutant","sm1 mutant",4,11,"sm1 mutant",2,2
"24GM1014","24GM","24GM1014_015",NA,"Silk Inoc, Yellow Kernels","23NN003_001b","CFAR600","sm1 mutant","sm1 mutant",4,11,"sm1 mutant",2,2
"24GM1014","24GM","24GM1014_016",NA,"Silk Inoc, Yellow Kernels","23NN003_001b","CFAR600","sm1 mutant","sm1 mutant",4,11,"sm1 mutant",2,2
"24GM1014","24GM","24GM1014_017",NA,"Silk Inoc, Yellow Kernels","23NN003_001b","CFAR600","sm1 mutant","sm1 mutant",4,11,"sm1 mutant",2,2
"24GM1014","24GM","24GM1014_018",NA,"Silk Inoc, Yellow Kernels","23NN003_001b","CFAR600","sm1 mutant","sm1 mutant",4,11,"sm1 mutant",2,2
"24GM1014","24GM","24GM1014_019",NA,"Silk Inoc, Yellow Kernels","23NN003_001b","CFAR600","sm1 mutant","sm1 mutant",4,11,"sm1 mutant",2,2
"24GM1014","24GM","24GM1014_020",NA,"Silk Inoc, Yellow Kernels","23NN003_001b","CFAR600","sm1 mutant","sm1 mutant",4,11,"sm1 mutant",2,2
